{"count":1,"self":5819.5410944,"total":21745.399981399998,"children":{"InitializeActuators":{"count":18,"self":0.0009965,"total":0.0009965,"children":null},"InitializeSensors":{"count":18,"self":0.0019933999999999998,"total":0.00299,"children":{"CreateObservableSensors":{"count":18,"self":0.0009966,"total":0.0009966,"children":null}}},"AgentSendState":{"count":5252167,"self":123.2337664,"total":5447.9147465999995,"children":{"CollectObservations":{"count":18907812,"self":19.9358848,"total":19.9358844,"children":null},"CollectDiscreteActionMasks":{"count":18907812,"self":9.1321552,"total":9.1321548,"children":null},"RequestDecision":{"count":18907812,"self":42.227136,"total":5295.6129365,"children":{"AgentInfo.ToProto":{"count":18907812,"self":30.920387199999997,"total":5253.3858016999993,"children":{"GenerateSensorData":{"count":18907812,"self":409.5453952,"total":5222.4654143,"children":{"RayPerceptionSensor.Perceive":{"count":37815624,"self":4812.9200128,"total":4812.9200089,"children":null}}}}}}}}},"DecideAction":{"count":5252167,"self":10395.1106048,"total":10395.1109003,"children":null},"AgentAct":{"count":5252167,"self":67.848767999999993,"total":67.8487657,"children":null},"AgentInfo.ToProto":{"count":48462,"self":0.2799751,"total":14.980516499999998,"children":{"GenerateSensorData":{"count":48462,"self":1.4421922,"total":14.700541399999999,"children":{"RayPerceptionSensor.Perceive":{"count":96924,"self":13.2583488,"total":13.2583492,"children":null}}}}}},"gauges":{"CarDriver.CumulativeReward":{"count":48462,"max":84.09026,"min":-1441.56873,"runningAverage":-8.195535,"value":-6.77500343,"weightedAverage":-3.52060652}},"metadata":{"timer_format_version":"0.1.0","start_time_seconds":"1678630261","unity_version":"2020.3.41f1","command_line_arguments":"C:\\Program Files\\Unity\\Hub\\Editor\\2020.3.41f1\\Editor\\Unity.exe -projectpath C:\\Users\\Antonio\\Documents\\GitHub\\AutoDrivingAI -useHub -hubIPC -cloudEnvironment production -licensingIpc LicenseClient-Antonio -hubSessionId c54a7510-c0dd-11ed-ba3f-bd96b8fc5c28 -accessToken nD4-Tk-IPGoAmm3Tiau6JyZ20ND3T-SRZpYeC5_5iO8006f","communication_protocol_version":"1.2.0","com.unity.ml-agents_version":"1.6.0-preview","scene_name":"SampleScene","end_time_seconds":"1678652006"}}