{"count":1,"self":589.3623808,"total":2962.0071694999997,"children":{"InitializeActuators":{"count":25,"self":0.0019993999999999997,"total":0.0019993999999999997,"children":null},"InitializeSensors":{"count":25,"self":0.0025017,"total":0.0025017,"children":null},"AgentSendState":{"count":774901,"self":63.207711999999994,"total":354.15734219999996,"children":{"CollectObservations":{"count":3874525,"self":12.424576799999999,"total":12.424577,"children":null},"CollectDiscreteActionMasks":{"count":3874525,"self":9.0014992,"total":9.001498999999999,"children":null},"RequestDecision":{"count":3874525,"self":31.119939199999997,"total":269.5235555,"children":{"AgentInfo.ToProto":{"count":3874525,"self":22.47588,"total":238.4036176,"children":{"GenerateSensorData":{"count":3874525,"self":80.02916479999999,"total":215.92773749999998,"children":{"RayPerceptionSensor.Perceive":{"count":3874525,"self":135.89857279999998,"total":135.8985703,"children":null}}}}}}}}},"DecideAction":{"count":774901,"self":1992.6695935999999,"total":1992.6695571,"children":null},"AgentAct":{"count":774901,"self":22.6443168,"total":22.644316399999997,"children":null},"AgentInfo.ToProto":{"count":24929,"self":0.4509513,"total":3.1675763999999997,"children":{"GenerateSensorData":{"count":24929,"self":0.93605149999999993,"total":2.7166251,"children":{"RayPerceptionSensor.Perceive":{"count":24929,"self":1.7805735999999999,"total":1.7805735999999999,"children":null}}}}}},"gauges":{"CarDriver.CumulativeReward":{"count":24929,"max":63.9498,"min":-2693.83545,"runningAverage":-3.10618949,"value":6.20498848,"weightedAverage":2.0001297}},"metadata":{"timer_format_version":"0.1.0","start_time_seconds":"1674115429","unity_version":"2020.3.41f1","command_line_arguments":"C:\\Program Files\\Unity\\Hub\\Editor\\2020.3.41f1\\Editor\\Unity.exe -projectpath C:\\Users\\matti\\Documents\\GitHub\\AutoDrivingAI -useHub -hubIPC -cloudEnvironment production -licensingIpc LicenseClient-matti -hubSessionId 965dbaf0-97c5-11ed-bcae-9b19d7f44485 -accessToken LNkv2SAwoNHueuEhFTWDhsd5lfxOPPPT9TElOQ6jV8U001f","communication_protocol_version":"1.2.0","com.unity.ml-agents_version":"1.6.0-preview","scene_name":"SampleScene","end_time_seconds":"1674118391"}}